{
  "variants": {
    "age=0": {
      "model": "minecraft:block/beetroots_stage0"
    },
    "age=1": {
      "model": "minecraft:block/beetroots_stage1"
    },
    "age=2": {
      "model": "minecraft:block/beetroots_stage2"
    },
    "age=3": [
      { "model": "minecraft:block/beetroots_stage3", "weight": 3 },
      { "model": "minecraft:block/beetroots_stage3_1", "weight": 2 },
      { "model": "minecraft:block/beetroots_stage3_2", "weight": 2 },
      { "model": "minecraft:block/beetroots_stage3_3", "weight": 2 }
      ]
  }
}