{
  "variants": {
    "age=0": {
      "model": "minecraft:block/carrots_stage0"
    },
    "age=1": {
      "model": "minecraft:block/carrots_stage0"
    },
    "age=2": {
      "model": "minecraft:block/carrots_stage1"
    },
    "age=3": {
      "model": "minecraft:block/carrots_stage1"
    },
    "age=4": {
      "model": "minecraft:block/carrots_stage2"
    },
    "age=5": {
      "model": "minecraft:block/carrots_stage2"
    },
    "age=6": {
      "model": "minecraft:block/carrots_stage2"
    },
    "age=7": [
      { "model": "minecraft:block/carrots_stage3", "weight": 3 },
      { "model": "minecraft:block/carrots_stage3_1", "weight": 1 },
      { "model": "minecraft:block/carrots_stage3_2", "weight": 1 },
      { "model": "minecraft:block/carrots_stage3_3", "weight": 1 }
      ]
  }
}