{
  "variants": {
    "facing=east": [
    { "model": "minecraft:block/carved_pumpkin", "y": 90, "weight": 2 },
    { "model": "minecraft:block/carved_pumpkin_1", "y": 90, "weight": 1 },
    { "model": "minecraft:block/carved_pumpkin_2", "y": 90, "weight": 1 },
    { "model": "minecraft:block/carved_pumpkin_3", "y": 90, "weight": 1 },
    { "model": "minecraft:block/carved_pumpkin_4", "y": 90, "weight": 1 },
    { "model": "minecraft:block/carved_pumpkin_5", "y": 90, "weight": 1 },
    { "model": "minecraft:block/carved_pumpkin_6", "y": 90, "weight": 1 },
    { "model": "minecraft:block/carved_pumpkin_7", "y": 90, "weight": 1 }
    ],
    "facing=north": [
      { "model": "minecraft:block/carved_pumpkin", "weight": 2},
      { "model": "minecraft:block/carved_pumpkin_1", "weight": 1},
      { "model": "minecraft:block/carved_pumpkin_2", "weight": 1},
      { "model": "minecraft:block/carved_pumpkin_3", "weight": 1},
      { "model": "minecraft:block/carved_pumpkin_4", "weight": 1},
      { "model": "minecraft:block/carved_pumpkin_5", "weight": 1},
      { "model": "minecraft:block/carved_pumpkin_6", "weight": 1},
      { "model": "minecraft:block/carved_pumpkin_7", "weight": 1}
      ],
    "facing=south": [
      { "model": "minecraft:block/carved_pumpkin", "y": 180, "weight": 2 },
      { "model": "minecraft:block/carved_pumpkin_1", "y": 180, "weight": 1 },
      { "model": "minecraft:block/carved_pumpkin_2", "y": 180, "weight": 1 },
      { "model": "minecraft:block/carved_pumpkin_3", "y": 180, "weight": 1 },
      { "model": "minecraft:block/carved_pumpkin_4", "y": 180, "weight": 1 },
      { "model": "minecraft:block/carved_pumpkin_5", "y": 180, "weight": 1 },
      { "model": "minecraft:block/carved_pumpkin_6", "y": 180, "weight": 1 },
      { "model": "minecraft:block/carved_pumpkin_7", "y": 180, "weight": 1 }
      ],
    "facing=west": [
      { "model": "minecraft:block/carved_pumpkin", "y": 270, "weight": 2 },
      { "model": "minecraft:block/carved_pumpkin_1", "y": 270, "weight": 1 },
      { "model": "minecraft:block/carved_pumpkin_2", "y": 270, "weight": 1 },
      { "model": "minecraft:block/carved_pumpkin_3", "y": 270, "weight": 1 },
      { "model": "minecraft:block/carved_pumpkin_4", "y": 270, "weight": 1 },
      { "model": "minecraft:block/carved_pumpkin_5", "y": 270, "weight": 1 },
      { "model": "minecraft:block/carved_pumpkin_6", "y": 270, "weight": 1 },
      { "model": "minecraft:block/carved_pumpkin_7", "y": 270, "weight": 1 }
      ]
  }
}