{
  "variants": {
    "type=bottom": [
      {"model": "minecraft:block/cobblestone_slab"},
      {"model": "minecraft:block/cobblestone_slab_1"},
      {"model": "minecraft:block/cobblestone_slab_2"},
      {"model": "minecraft:block/cobblestone_slab_3"},
      {"model": "minecraft:block/cobblestone_slab_4"}
    ],
    "type=double": [
      {"model": "minecraft:block/cobblestone"},
      {"model": "minecraft:block/cobblestone_1"},
      {"model": "minecraft:block/cobblestone_2"},
      {"model": "minecraft:block/cobblestone_3"},
      {"model": "minecraft:block/cobblestone_4"}
    ],
    "type=top": [
      {"model": "minecraft:block/cobblestone_slab_top"},
      {"model": "minecraft:block/cobblestone_slab_top_1"},
      {"model": "minecraft:block/cobblestone_slab_top_2"},
      {"model": "minecraft:block/cobblestone_slab_top_3"},
      {"model": "minecraft:block/cobblestone_slab_top_4"}
    ]
  }
}