{
  "variants": {
      "": [
      { "model": "block/cracked_deepslate_bricks", "weight": 12 },
      { "model": "block/cracked_deepslate_bricks_1", "weight": 7 },
      { "model": "block/cracked_deepslate_bricks_2", "weight": 8 },
      { "model": "block/cracked_deepslate_bricks_3", "weight": 6 },
      { "model": "block/cracked_deepslate_bricks_4", "weight": 2 },
      { "model": "block/cracked_deepslate_bricks_5", "weight": 7 },
      { "model": "block/cracked_deepslate_bricks_6", "weight": 4 }  
      ]
  }
}
