{
  "variants": {
    "axis=x": [
      {"model": "minecraft:block/deepslate","x": 90,"y": 90},
      {"model": "minecraft:block/deepslate_mirrored","x": 90,"y": 90},
      {"model": "minecraft:block/deepslate","x": 90,"y": 90},
      {"model": "minecraft:block/deepslate_mirrored","x": 90,"y": 90},
      {"model": "minecraft:block/deepslate_1","x": 90,"y": 90},
      {"model": "minecraft:block/deepslate_mirrored_1","x": 90,"y": 90},
      {"model": "minecraft:block/deepslate_1","x": 90,"y": 90},
      {"model": "minecraft:block/deepslate_mirrored_1","x": 90,"y": 90},
      {"model": "minecraft:block/deepslate_2","x": 90,"y": 90},
      {"model": "minecraft:block/deepslate_mirrored_2","x": 90,"y": 90},
      {"model": "minecraft:block/deepslate_2","x": 90,"y": 90},
      {"model": "minecraft:block/deepslate_mirrored_2","x": 90,"y": 90},
      {"model": "minecraft:block/deepslate_3","x": 90,"y": 90},
      {"model": "minecraft:block/deepslate_mirrored_3","x": 90,"y": 90},
      {"model": "minecraft:block/deepslate_3","x": 90,"y": 90},
      {"model": "minecraft:block/deepslate_mirrored_3","x": 90,"y": 90}
    ],
    "axis=y": [
      {"model": "minecraft:block/deepslate"},
      {"model": "minecraft:block/deepslate", "y": 90},
      {"model": "minecraft:block/deepslate", "y": -90},
      {"model": "minecraft:block/deepslate_mirrored"},
      {"model": "minecraft:block/deepslate_mirrored", "y": 90},
      {"model": "minecraft:block/deepslate_mirrored", "y": -90},
      {"model": "minecraft:block/deepslate","y": 180},
      {"model": "minecraft:block/deepslate_mirrored","y": 180},

      {"model": "minecraft:block/deepslate_1"},
      {"model": "minecraft:block/deepslate_1", "y": 90},
      {"model": "minecraft:block/deepslate_1", "y": -90},
      {"model": "minecraft:block/deepslate_mirrored_1"},
      {"model": "minecraft:block/deepslate_mirrored_1", "y": 90},
      {"model": "minecraft:block/deepslate_mirrored_1", "y": -90},
      {"model": "minecraft:block/deepslate_1","y": 180},
      {"model": "minecraft:block/deepslate_mirrored_1","y": 180},

      {"model": "minecraft:block/deepslate_2"},
      {"model": "minecraft:block/deepslate_2", "y": 90},
      {"model": "minecraft:block/deepslate_2", "y": -90},
      {"model": "minecraft:block/deepslate_mirrored_2"},
      {"model": "minecraft:block/deepslate_mirrored_2", "y": 90},
      {"model": "minecraft:block/deepslate_mirrored_2", "y": -90},
      {"model": "minecraft:block/deepslate_2","y": 180},
      {"model": "minecraft:block/deepslate_mirrored_2","y": 180},

      {"model": "minecraft:block/deepslate_3"},
      {"model": "minecraft:block/deepslate_3", "y": 90},
      {"model": "minecraft:block/deepslate_3", "y": -90},
      {"model": "minecraft:block/deepslate_mirrored_3"},
      {"model": "minecraft:block/deepslate_mirrored_3", "y": 90},
      {"model": "minecraft:block/deepslate_mirrored_3", "y": -90},
      {"model": "minecraft:block/deepslate_3","y": 180},
      {"model": "minecraft:block/deepslate_mirrored_3","y": 180}
    ],
    "axis=z": [
      {"model": "minecraft:block/deepslate","x": 90},
      {"model": "minecraft:block/deepslate_mirrored","x": 90},
      {"model": "minecraft:block/deepslate","x": 90,"y": 180},
      {"model": "minecraft:block/deepslate_mirrored","x": 90,"y": 180},
      {"model": "minecraft:block/deepslate_1","x": 90},
      {"model": "minecraft:block/deepslate_mirrored_1","x": 90},
      {"model": "minecraft:block/deepslate_1","x": 90,"y": 180},
      {"model": "minecraft:block/deepslate_mirrored_1","x": 90,"y": 180},
      {"model": "minecraft:block/deepslate_2","x": 90},
      {"model": "minecraft:block/deepslate_mirrored_2","x": 90},
      {"model": "minecraft:block/deepslate_2","x": 90,"y": 180},
      {"model": "minecraft:block/deepslate_mirrored_2","x": 90,"y": 180},
      {"model": "minecraft:block/deepslate_3","x": 90},
      {"model": "minecraft:block/deepslate_mirrored_3","x": 90},
      {"model": "minecraft:block/deepslate_3","x": 90,"y": 180},
      {"model": "minecraft:block/deepslate_mirrored_3","x": 90,"y": 180}

    ]
  }
}