{
    "variants": {
        "": [
            { "model": "block/diorite", "weight": 1 },
            { "model": "block/diorite", "weight": 1, "y": 180 },
            { "model": "block/diorite", "weight": 1, "x": 180 },
            { "model": "block/diorite", "weight": 1, "x": 90, "y": 90 },
            { "model": "block/diorite", "weight": 1, "x": -90, "y": -90 },
			{ "model": "block/diorite_1", "weight": 1 },
            { "model": "block/diorite_1", "weight": 1, "y": 180 },
            { "model": "block/diorite_1", "weight": 1, "x": 180 },
            { "model": "block/diorite_1", "weight": 1, "x": 90, "y": 90 },
            { "model": "block/diorite_1", "weight": 1, "x": -90, "y": -90 },
			{ "model": "block/diorite_2", "weight": 1 },
            { "model": "block/diorite_2", "weight": 1, "y": 180 },
            { "model": "block/diorite_2", "weight": 1, "x": 180 },
            { "model": "block/diorite_2", "weight": 1, "x": 90, "y": 90 },
            { "model": "block/diorite_2", "weight": 1, "x": -90, "y": -90 }
            
        ]
    }
}
