{
  "variants": {
    "type=bottom": [
      {"model": "minecraft:block/diorite_slab"},
      {"model": "minecraft:block/diorite_slab", "y": 90},
      {"model": "minecraft:block/diorite_slab", "y": 180},
      {"model": "minecraft:block/diorite_slab", "y": -90},
      {"model": "minecraft:block/diorite_slab_1"},
      {"model": "minecraft:block/diorite_slab_1", "y": 90},
      {"model": "minecraft:block/diorite_slab_1", "y": 180},
      {"model": "minecraft:block/diorite_slab_1", "y": -90},
      {"model": "minecraft:block/diorite_slab_2"},
      {"model": "minecraft:block/diorite_slab_2", "y": 90},
      {"model": "minecraft:block/diorite_slab_2", "y": 180},
      {"model": "minecraft:block/diorite_slab_2", "y": -90}
    ],
    "type=double": [
      {"model": "minecraft:block/diorite"},
      {"model": "minecraft:block/diorite", "y": 90},
      {"model": "minecraft:block/diorite", "y": 180},
      {"model": "minecraft:block/diorite", "y": -90},
      {"model": "minecraft:block/diorite_1"},
      {"model": "minecraft:block/diorite_1", "y": 90},
      {"model": "minecraft:block/diorite_1", "y": 180},
      {"model": "minecraft:block/diorite_1", "y": -90},
      {"model": "minecraft:block/diorite_2"},
      {"model": "minecraft:block/diorite_2", "y": 90},
      {"model": "minecraft:block/diorite_2", "y": 180},
      {"model": "minecraft:block/diorite_2", "y": -90}
    ],
    "type=top": [
      {"model": "minecraft:block/diorite_slab_top"},
      {"model": "minecraft:block/diorite_slab_top", "y": 90},
      {"model": "minecraft:block/diorite_slab_top", "y": 180},
      {"model": "minecraft:block/diorite_slab_top", "y": -90},
      {"model": "minecraft:block/diorite_slab_top_1"},
      {"model": "minecraft:block/diorite_slab_top_1", "y": 90},
      {"model": "minecraft:block/diorite_slab_top_1", "y": 180},
      {"model": "minecraft:block/diorite_slab_top_1", "y": -90},
      {"model": "minecraft:block/diorite_slab_top_2"},
      {"model": "minecraft:block/diorite_slab_top_2", "y": 90},
      {"model": "minecraft:block/diorite_slab_top_2", "y": 180},
      {"model": "minecraft:block/diorite_slab_top_2", "y": -90}
    ]
  }
}