{
  "variants": {
      "": [
        { "model": "block/dirt_path_top", "weight": 25 },
        { "model": "block/dirt_path_top", "weight": 25, "y": 180 },
        { "model": "block/dirt_path_top", "weight": 25, "y": 90 },
        { "model": "block/dirt_path_top", "weight": 25, "y": -90 },
        { "model": "block/dirt_path_top_1", "weight": 15 },
        { "model": "block/dirt_path_top_1", "weight": 15, "y": 180  },
        { "model": "block/dirt_path_top_1", "weight": 15, "y": 90  },
        { "model": "block/dirt_path_top_1", "weight": 15, "y": -90  },
        { "model": "block/dirt_path_top_2", "weight": 1 },
        { "model": "block/dirt_path_top_2", "weight": 1, "y": 180  },
        { "model": "block/dirt_path_top_2", "weight": 1, "y": 90  },
        { "model": "block/dirt_path_top_2", "weight": 1, "y": -90  },
        { "model": "block/dirt_path_top_3", "weight": 2 },
        { "model": "block/dirt_path_top_3", "weight": 2, "y": 180  },
        { "model": "block/dirt_path_top_3", "weight": 2, "y": 90  },
        { "model": "block/dirt_path_top_3", "weight": 2, "y": -90  },
        { "model": "block/dirt_path_top_4", "weight": 3 },
        { "model": "block/dirt_path_top_4", "weight": 3, "y": 180  },
        { "model": "block/dirt_path_top_4", "weight": 3, "y": 90  },
        { "model": "block/dirt_path_top_4", "weight": 3, "y": -90  },
        { "model": "block/dirt_path_top_5", "weight": 1 },
        { "model": "block/dirt_path_top_5", "weight": 1, "y": 180  },
        { "model": "block/dirt_path_top_5", "weight": 1, "y": 90  },
        { "model": "block/dirt_path_top_5", "weight": 1, "y": -90  },
        { "model": "block/dirt_path_top_6", "weight": 2 },
        { "model": "block/dirt_path_top_6", "weight": 2, "y": 180  },
        { "model": "block/dirt_path_top_6", "weight": 2, "y": 90  },
        { "model": "block/dirt_path_top_6", "weight": 2, "y": -90  }
      ]
  }
}
