{
    "variants": {
        "": [
            { "model": "block/fern", "weight": 1 },
			{ "model": "block/fern_1", "weight": 1 },
			{ "model": "block/fern_2", "weight": 1 },
			{ "model": "block/fern_3", "weight": 1 },
			{ "model": "block/fern_4", "weight": 1 },
            { "model": "block/fern_5", "weight": 1 },
			{ "model": "block/fern_6", "weight": 1 },
			{ "model": "block/fern_7", "weight": 2 },
			{ "model": "block/fern_8", "weight": 1 },
			{ "model": "block/fern_9", "weight": 1 },
			{ "model": "block/fern_10", "weight": 1 } 
        ]
    }
}
