{
    "variants": {
      "half=lower": [
      { "model": "minecraft:block/large_fern_bottom" },
      { "model": "minecraft:block/large_fern_bottom_1" },
      { "model": "minecraft:block/large_fern_bottom_2" },
      { "model": "minecraft:block/large_fern_bottom_3" }
      ],
      "half=upper": [
      { "model": "minecraft:block/large_fern_top" },
      { "model": "minecraft:block/large_fern_top_1" },
      { "model": "minecraft:block/large_fern_top_2" },
      { "model": "minecraft:block/large_fern_top_3" }
      ]
    }
  }