{
  "variants": {
    "type=bottom": [
      {"model": "minecraft:block/mossy_stone_brick_slab"},
      {"model": "minecraft:block/mossy_stone_brick_slab_1"},
      {"model": "minecraft:block/mossy_stone_brick_slab_2"},
      {"model": "minecraft:block/mossy_stone_brick_slab_3"},
      {"model": "minecraft:block/mossy_stone_brick_slab_4"}
    ],
    "type=double": [
      {"model": "minecraft:block/stonebrick_mossy"},
      {"model": "minecraft:block/stonebrick_mossy_1"},
      {"model": "minecraft:block/stonebrick_mossy_2"},
      {"model": "minecraft:block/stonebrick_mossy_3"},
      {"model": "minecraft:block/stonebrick_mossy_4"}
    ],
    "type=top": [
      {"model": "minecraft:block/mossy_stone_brick_slab_top"},
      {"model": "minecraft:block/mossy_stone_brick_slab_top_1"},
      {"model": "minecraft:block/mossy_stone_brick_slab_top_2"},
      {"model": "minecraft:block/mossy_stone_brick_slab_top_3"},
      {"model": "minecraft:block/mossy_stone_brick_slab_top_4"}
    ]
  }
}