{
    "variants": {
      "half=lower": [
      { "model": "minecraft:block/tall_grass_bottom_0" },
      { "model": "minecraft:block/tall_grass_bottom_1" },
      { "model": "minecraft:block/tall_grass_bottom_2" },
      { "model": "minecraft:block/tall_grass_bottom_3" },
      { "model": "minecraft:block/tall_grass_bottom_4" },
      { "model": "minecraft:block/tall_grass_bottom_5" },
      { "model": "minecraft:block/tall_grass_bottom_6" },
      { "model": "minecraft:block/tall_grass_bottom_7" },
      { "model": "minecraft:block/tall_grass_bottom_8" },
      { "model": "minecraft:block/tall_grass_bottom_9" }
      ],
      "half=upper": [
      { "model": "minecraft:block/tall_grass_top_0" },
      { "model": "minecraft:block/tall_grass_top_1" },
      { "model": "minecraft:block/tall_grass_top_2" },
      { "model": "minecraft:block/tall_grass_top_3" },
      { "model": "minecraft:block/tall_grass_top_4" },
      { "model": "minecraft:block/tall_grass_top_5" },
      { "model": "minecraft:block/tall_grass_top_6" },
      { "model": "minecraft:block/tall_grass_top_7" },
      { "model": "minecraft:block/tall_grass_top_8" },
      { "model": "minecraft:block/tall_grass_top_9" }
      ]
    }
  }