{
    "variants": {
        "east=false,north=false,south=false,up=false,west=false": [
        { "model": "minecraft:block/vine_1", "weight": 1 },
        { "model": "minecraft:block/vine_1_1", "weight": 1 },
        { "model": "minecraft:block/vine_1_2", "weight": 1 }
        ],
        "east=false,north=false,south=false,up=false,west=true": [
        { "model": "minecraft:block/vine_1", "y": 90, "weight": 1 },
        { "model": "minecraft:block/vine_1_1", "y": 90, "weight": 1 },
        { "model": "minecraft:block/vine_1_2", "y": 90, "weight": 1 }
        ],    
        "east=false,north=false,south=false,up=true,west=false": [
        { "model": "minecraft:block/vine_u", "weight": 1 },
        { "model": "minecraft:block/vine_u_1", "weight": 1 },
        { "model": "minecraft:block/vine_u_2", "weight": 1 }
        ],
        "east=false,north=false,south=false,up=true,west=true": [
        { "model": "minecraft:block/vine_1u", "y": 90, "weight": 1 },
        { "model": "minecraft:block/vine_1u_1", "y": 90, "weight": 1 },
        { "model": "minecraft:block/vine_1u_2", "y": 90, "weight": 1 }
        ],
        "east=false,north=false,south=true,up=false,west=false": [
        { "model": "minecraft:block/vine_1", "weight": 1 },
        { "model": "minecraft:block/vine_1_1", "weight": 1 },
        { "model": "minecraft:block/vine_1_2", "weight": 1 }
        ],
        "east=false,north=false,south=true,up=false,west=true": [
        { "model": "minecraft:block/vine_2", "y": 180, "weight": 1 },
        { "model": "minecraft:block/vine_2_1", "y": 180, "weight": 1 },
        { "model": "minecraft:block/vine_2_2", "y": 180, "weight": 1 }
        ],
        "east=false,north=false,south=true,up=true,west=false": [
        { "model": "minecraft:block/vine_1u", "weight": 1 },
        { "model": "minecraft:block/vine_1u_1", "weight": 1 },
        { "model": "minecraft:block/vine_1u_2", "weight": 1 }
        ],
        "east=false,north=false,south=true,up=true,west=true": [
        { "model": "minecraft:block/vine_2u", "y": 180, "weight": 1 },
        { "model": "minecraft:block/vine_2u_1", "y": 180, "weight": 1 },
        { "model": "minecraft:block/vine_2u_2", "y": 180, "weight": 1 }
        ],
        "east=false,north=true,south=false,up=false,west=false": [
        { "model": "minecraft:block/vine_1", "y": 180, "weight": 1 },
        { "model": "minecraft:block/vine_1_1", "y": 180, "weight": 1 },
        { "model": "minecraft:block/vine_1_2", "y": 180, "weight": 1 }
        ],
        "east=false,north=true,south=false,up=false,west=true": [
        { "model": "minecraft:block/vine_2", "y": 270, "weight": 1 },
        { "model": "minecraft:block/vine_2_1", "y": 270, "weight": 1 },
        { "model": "minecraft:block/vine_2_2", "y": 270, "weight": 1 }
        ],
        "east=false,north=true,south=false,up=true,west=false": [
        { "model": "minecraft:block/vine_1u", "y": 180, "weight": 1 },
        { "model": "minecraft:block/vine_1u_1", "y": 180, "weight": 1 },
        { "model": "minecraft:block/vine_1u_2", "y": 180, "weight": 1 }
        ],
        "east=false,north=true,south=false,up=true,west=true": [
        { "model": "minecraft:block/vine_2u", "y": 270, "weight": 1 },
        { "model": "minecraft:block/vine_2u_1", "y": 270, "weight": 1 },
        { "model": "minecraft:block/vine_2u_2", "y": 270, "weight": 1 }
        ],
        "east=false,north=true,south=true,up=false,west=false": [
        { "model": "minecraft:block/vine_2_opposite", "y": 90, "weight": 1 },
        { "model": "minecraft:block/vine_2_opposite_1", "y": 90, "weight": 1 },
        { "model": "minecraft:block/vine_2_opposite_2", "y": 90, "weight": 1 }
        ],
        "east=false,north=true,south=true,up=false,west=true": [
        { "model": "minecraft:block/vine_3", "y": 180, "weight": 1 },
        { "model": "minecraft:block/vine_3_1", "y": 180, "weight": 1 },
        { "model": "minecraft:block/vine_3_2", "y": 180, "weight": 1 }
        ],
        "east=false,north=true,south=true,up=true,west=false": [
        { "model": "minecraft:block/vine_2u_opposite", "y": 90, "weight": 1 },
        { "model": "minecraft:block/vine_2u_opposite_1", "y": 90, "weight": 1 },
        { "model": "minecraft:block/vine_2u_opposite_2", "y": 90, "weight": 1 }
        ],
        "east=false,north=true,south=true,up=true,west=true": [
        { "model": "minecraft:block/vine_3u", "y": 180, "weight": 1 },
        { "model": "minecraft:block/vine_3u_1", "y": 180, "weight": 1 },
        { "model": "minecraft:block/vine_3u_2", "y": 180, "weight": 1 }
        ],
        "east=true,north=false,south=false,up=false,west=false": [
        { "model": "minecraft:block/vine_1", "y": 270, "weight": 1 },
        { "model": "minecraft:block/vine_1_1", "y": 270, "weight": 1 },
        { "model": "minecraft:block/vine_1_2", "y": 270, "weight": 1 }
        ],
        "east=true,north=false,south=false,up=false,west=true": [
        { "model": "minecraft:block/vine_2_opposite", "weight": 1 },
        { "model": "minecraft:block/vine_2_opposite_1", "weight": 1 },
        { "model": "minecraft:block/vine_2_opposite_2", "weight": 1 }
        ],
        "east=true,north=false,south=false,up=true,west=false": [
        { "model": "minecraft:block/vine_1u", "y": 270, "weight": 1 },
        { "model": "minecraft:block/vine_1u_1", "y": 270, "weight": 1 },
        { "model": "minecraft:block/vine_1u_2", "y": 270, "weight": 1 }
        ],
        "east=true,north=false,south=false,up=true,west=true": [
        { "model": "minecraft:block/vine_2u_opposite", "weight": 1 },
        { "model": "minecraft:block/vine_2u_opposite_1", "weight": 1 },
        { "model": "minecraft:block/vine_2u_opposite_2", "weight": 1 }
        ],
        "east=true,north=false,south=true,up=false,west=false": [
        { "model": "minecraft:block/vine_2", "y": 90, "weight": 1 },
        { "model": "minecraft:block/vine_2_1", "y": 90, "weight": 1 },
        { "model": "minecraft:block/vine_2_2", "y": 90, "weight": 1 }
        ],
        "east=true,north=false,south=true,up=false,west=true": [
        { "model": "minecraft:block/vine_3", "y": 90, "weight": 1 },
        { "model": "minecraft:block/vine_3_1", "y": 90, "weight": 1 },
        { "model": "minecraft:block/vine_3_2", "y": 90, "weight": 1 }
        ],
        "east=true,north=false,south=true,up=true,west=false": [
        { "model": "minecraft:block/vine_2u", "y": 90, "weight": 1 },
        { "model": "minecraft:block/vine_2u_1", "y": 90, "weight": 1 },
        { "model": "minecraft:block/vine_2u_2", "y": 90, "weight": 1 }
        ],
        "east=true,north=false,south=true,up=true,west=true": [
        { "model": "minecraft:block/vine_3u", "y": 90, "weight": 1 },
        { "model": "minecraft:block/vine_3u_1", "y": 90, "weight": 1 },
        { "model": "minecraft:block/vine_3u_2", "y": 90, "weight": 1 }
        ],
        "east=true,north=true,south=false,up=false,west=false": [
        { "model": "minecraft:block/vine_2", "weight": 1 },
        { "model": "minecraft:block/vine_2_1", "weight": 1 },
        { "model": "minecraft:block/vine_2_2", "weight": 1 }
        ],
        "east=true,north=true,south=false,up=false,west=true": [
        { "model": "minecraft:block/vine_3", "y": 270, "weight": 1 },
        { "model": "minecraft:block/vine_3_1", "y": 270, "weight": 1 },
        { "model": "minecraft:block/vine_3_2", "y": 270, "weight": 1 }
        ],
        "east=true,north=true,south=false,up=true,west=false": [
        { "model": "minecraft:block/vine_2u", "weight": 1 },
        { "model": "minecraft:block/vine_2u_1", "weight": 1 },
        { "model": "minecraft:block/vine_2u_2", "weight": 1 }
        ],
        "east=true,north=true,south=false,up=true,west=true": [
        { "model": "minecraft:block/vine_3u", "y": 270, "weight": 1 },
        { "model": "minecraft:block/vine_3u_1", "y": 270, "weight": 1 },
        { "model": "minecraft:block/vine_3u_2", "y": 270, "weight": 1 }
        ],
        "east=true,north=true,south=true,up=false,west=false": [
        { "model": "minecraft:block/vine_3", "weight": 1 },
        { "model": "minecraft:block/vine_3_1", "weight": 1 },
        { "model": "minecraft:block/vine_3_2", "weight": 1 }
        ],
        "east=true,north=true,south=true,up=false,west=true": [
        { "model": "minecraft:block/vine_4", "weight": 1 },
        { "model": "minecraft:block/vine_4_1", "weight": 1 },
        { "model": "minecraft:block/vine_4_2", "weight": 1 }
        ],
        "east=true,north=true,south=true,up=true,west=false": [
        { "model": "minecraft:block/vine_3u", "weight": 1 },
        { "model": "minecraft:block/vine_3u_1", "weight": 1 },
        { "model": "minecraft:block/vine_3u_2", "weight": 1 }
        ],
        "east=true,north=true,south=true,up=true,west=true": [
        { "model": "minecraft:block/vine_4u", "weight": 1 },
        { "model": "minecraft:block/vine_4u_1", "weight": 1 },
        { "model": "minecraft:block/vine_4u_2", "weight": 1 }
        ]
    }
}