{
  "variants": {
    "age=0": {
      "model": "minecraft:block/wheat_stage0"
    },
    "age=1": {
      "model": "minecraft:block/wheat_stage1"
    },
    "age=2": {
      "model": "minecraft:block/wheat_stage2"
    },
    "age=3": {
      "model": "minecraft:block/wheat_stage3"
    },
    "age=4": {
      "model": "minecraft:block/wheat_stage4"
    },
    "age=5": [
      { "model": "minecraft:block/wheat_stage5" },
      { "model": "minecraft:block/wheat_stage5_1" }
  ],
    "age=6": [
    { "model": "minecraft:block/wheat_stage6", "weight": 4 },
    { "model": "minecraft:block/wheat_stage6_1", "weight": 4 },
    { "model": "minecraft:block/wheat_stage6_2", "weight": 4 },
    { "model": "minecraft:block/wheat_stage6_3", "weight": 4 },
    { "model": "minecraft:block/wheat_stage6_4", "weight": 1 },
    { "model": "minecraft:block/wheat_stage6_5", "weight": 1 }
    ],
    "age=7": [
      { "model": "minecraft:block/wheat_stage7", "weight": 2},
      { "model": "minecraft:block/wheat_stage7_1", "weight": 4},
      { "model": "minecraft:block/wheat_stage7_2", "weight": 4},
      { "model": "minecraft:block/wheat_stage7_3", "weight": 4},
      { "model": "minecraft:block/wheat_stage7_4", "weight": 4},
      { "model": "minecraft:block/wheat_stage7_5", "weight": 4},
      { "model": "minecraft:block/wheat_stage7_6", "weight": 2},
      { "model": "minecraft:block/wheat_stage7_7", "weight": 4},
      { "model": "minecraft:block/wheat_stage7_8", "weight": 1},
      { "model": "minecraft:block/wheat_stage7_9", "weight": 4},
      { "model": "minecraft:block/wheat_stage7_10", "weight": 4},
      { "model": "minecraft:block/wheat_stage7_11", "weight": 2},
      { "model": "minecraft:block/wheat_stage7_12", "weight": 3}
    ]
  }
}