{
	"credit": "Made with Blockbench",
	"ambientocclusion": false,
	"textures": {
		"0": "block/cactus_bottom",
		"1": "block/cactus_side/10",
		"3": "block/cactus_top",
		"particle": "block/cactus_bottom"
	},
	"elements": [
		{
			"name": "stem_top",
			"from": [1, 0, 1],
			"to": [15, 16, 15],
			"faces": {
				"up": {"uv": [1, 1, 15, 15], "texture": "#3", "cullface": "up"},
				"down": {"uv": [1, 1, 15, 15], "texture": "#0", "cullface": "down"}
			}
		},
		{
			"name": "stem_side",
			"from": [0, 0, 1],
			"to": [16, 16, 15],
			"rotation": {"angle": 0, "axis": "y", "origin": [8, 8, 7]},
			"faces": {
				"north": {"uv": [0, 0, 16, 16], "texture": "#1"},
				"south": {"uv": [0, 0, 16, 16], "texture": "#1"}
			}
		},
		{
			"name": "stem_side",
			"from": [1, 0, 0],
			"to": [15, 16, 16],
			"rotation": {"angle": 0, "axis": "y", "origin": [7, 8, 8]},
			"faces": {
				"east": {"uv": [0, 0, 16, 16], "texture": "#1"},
				"west": {"uv": [0, 0, 16, 16], "texture": "#1"}
			}
		}
	]
}