{
	"credit": "Made with Blockbench",
	"ambientocclusion": false,
	"textures": {
		"4": "block/cactus_top",
		"5": "block/cactus_side/1",
		"8": "block/cactus_side/cactus_arm",
		"10": "block/cactus_side/10",
		"12": "block/cactus_bottom",
		"particle": "block/cactus_top"
	},
	"elements": [
		{
			"name": "stem_top",
			"from": [1, 0, 1],
			"to": [15, 16, 15],
			"faces": {
				"up": {"uv": [1, 1, 15, 15], "texture": "#4", "cullface": "up"},
				"down": {"uv": [1, 1, 15, 15], "texture": "#12", "cullface": "down"}
			}
		},
		{
			"name": "stem_side",
			"from": [0, 0, 1],
			"to": [16, 16, 15],
			"rotation": {"angle": 0, "axis": "y", "origin": [8, 8, 7]},
			"faces": {
				"north": {"uv": [0, 0, 16, 16], "texture": "#10"},
				"south": {"uv": [0, 0, 16, 16], "texture": "#10"}
			}
		},
		{
			"name": "stem_side",
			"from": [1, 0, 0],
			"to": [15, 16, 16],
			"rotation": {"angle": 0, "axis": "y", "origin": [7, 8, 8]},
			"faces": {
				"east": {"uv": [0, 0, 16, 16], "texture": "#5"},
				"west": {"uv": [0, 0, 16, 16], "texture": "#10"}
			}
		},
		{
			"from": [5, 4, -5],
			"to": [11, 15, -1],
			"faces": {
				"north": {"uv": [0, 0, 6, 11], "texture": "#8"},
				"south": {"uv": [0, 0, 6, 11], "texture": "#8"}
			}
		},
		{
			"from": [6, 4, -1],
			"to": [10, 8, 2],
			"faces": {
				"east": {"uv": [4, 11, 7, 15], "rotation": 180, "texture": "#8"},
				"west": {"uv": [4, 11, 7, 15], "texture": "#8"},
				"up": {"uv": [4, 11, 7, 15], "rotation": 90, "texture": "#8"},
				"down": {"uv": [4, 11, 7, 15], "rotation": 270, "texture": "#8"}
			}
		},
		{
			"from": [6, 4, -6],
			"to": [10, 15, 0],
			"faces": {
				"east": {"uv": [12, 0, 6, 11], "texture": "#8"},
				"west": {"uv": [6, 0, 12, 11], "texture": "#8"},
				"up": {"uv": [12, 10, 16, 16], "texture": "#8"},
				"down": {"uv": [12, 10, 16, 16], "texture": "#8"}
			}
		}
	]
}